2025.01,Chiolite
2025.02,Chromite
2025.03,Cobaltite
2025.04,Colemanite
2025.05,Cordierite
2025.06,Covellite
2025.07,Crocoite
2025.08,Cuprite
2025.09,Danburite
2025.10,Datolite
2025.11,Ekanite
2025.12,Enstatite
2026.01,Eosphorite
2026.02,Eudialyte
2026.03,Fergusonite
2026.04,Fluorite
2026.05,Friedelite
2026.06,Gadolinite
2026.07,Hambergite
2026.08,Hematite
2026.09,Hessonite
2026.10,Holtite
2026.11,Humite
2026.12,Inderite
2027.01,Iolite
2027.02,Jadeite
2027.03,Kyanite
2027.04,Lazulite
2027.05,Legrandite
2027.06,Leucite
2027.07,Magnesite
2027.08,Malachite
2027.09,Meliphanite
2027.10,Milarite
2027.11,Moldavite
2027.12,Monazite
